name;use;origin;substitutes;aromas;alt_names;alt_names_extra
ADHA 484;;USA;;;;Experimental 484,ADHA-484
Admiral;bittering;GBR;Challenger,Northdown,Target;Citrus,Herbal,Orange,Resin,Tea;;admiral (uk)
African Queen;dual-purpose;ZAF;Amarillo,Cascade,Citra,Mosaic,Simcoe;Blueberry,Bubblegum,Cassis,Chilies,Citrus,Currant,Gazpacho,Gooseberry,Lemongrass,Stonefruit;South African Queen;Africa Queen,SA Queen,S.A. Queen,South Africa Queen,j17,j-17
Aged Hops;;;;;;aged / debittered hops,old hops,Lambic Hops
Agnus;bittering;CZH;Columbus,Magnum,Nugget,Target;Citrus,Lavender,Leather,Spicy,Tobacco;;
Ahil;aroma;SLO;;;;
Ahtanum;aroma;USA;Amarillo,Cascade,Centennial,Willamette;Cedar,Citrus,Earthy,Floral,Geranium,Grapefruit,Lemon,Pine;;Ahtanium,Athanum,Athnanum,Ahtanum (us)
Akoya;aroma;GER;Aurora,Hallertauer Tradition,Northern Brewer,Perle;Fruity,Pepper,Spicy,Tea;;
Alliance;dual-purpose;GBR;;;;
Aloha;dual-purpose;GER;;Berry,Citrus,Floral,Fruity,Sweet;;
Alta;dual-purpose;UA;Magnum;spicy,fruit,currant;;alta (ua)
Amallia;dual-purpose;USA;;Earthy;;
Amarillo;aroma;USA;Cascade,Centennial,Chinook,Simcoe,Summer,Yellow Sub;Apricot,Citrus,Floral,Grapefruit,Lemon,Melon,Orange,Peach,Spicy,Tropical Fruits;;Amarillo,Armarillo,Amar,Amaerillo,amarillo (us),amarillo gold,armadillo
Amethyst;aroma;CZH;;Citrus,Earthy,Spicy;;
Apollo;bittering;USA;Bravo,Columbus,Magnum,Nugget;Cannabis,Citrus,Grapefruit,Lemon,Lime,Orange,Pine,Resin;;apollo (us)
Apolon;dual-purpose;SLO;;;;
Aquila;aroma;USA;Cluster,Galena;;;
Aramis;aroma;FRA;Ahtanum,Centennial,Challenger,Strisselspalt,Willamette;Citrus,Floral,Grassy,Herbal,Pepper,Spicy;;Armis,aramis (fr)
Archer;aroma;GBR;;Apricot,Citrus,Floral,Lime,Peach;;
Ariana;dual-purpose;GER;Hallertauer Blanc,Hüll Melon,Mandarina Bavaria;Citrus,Fruity,Gooseberry,Herbal,Jasmine,Passionfruit,Pineapple,Tangerine;;Arriana
Astra;dual-purpose;;;Grapefruit,Grassy,Honey,Melon,Peach,Sweet,Tropical Fruits,Whitewine;;
Atlas;aroma;SLO;;Floral,Lime,Pine;;
Aurora;dual-purpose;SLO;Northern Brewer,Perle,Styrian Golding;Floral,Lemongrass,Noble,Spicy;Super Styrians;Super Styrian,styrian goldings (sl),styrian golding (sl),styrian arora (si),styrian aurora (si),auarora
Azacca;dual-purpose;USA;Amarillo,Citra,Delta,Pekko;Citrus,Grapefruit,Grassy,Lemon,Mango,Orange,Papaya,Pineapple,Spicy,Tropical Fruits;;Aza,Azzaca
Backa;aroma;SER;;;;
Banner;bittering;USA;Aquila,Cluster,Galena;;;
Barbe Rouge;aroma;FRA;;Berry,Citrus,Currant,Floral,Kumquat,Lime,Orange,Raspberry,Strawberry;;Barbe Rogue
Bate's Brewer;dual-purpose;GBR;;;;
Beata;bittering;;;Almond,Apricot,Honey;;
Belma;dual-purpose;USA;Hüll Melon,Pacific Gem;Berry,Citrus,Grapefruit,Melon,Orange,Pineapple,Strawberry,Tropical Fruits;;
Bergamot;aroma;USA;;Cherry,Citrus,Juniper,Lemongrass,Lime,Mango,Orange;;
Bianca;aroma;USA;;;Bianco,Bianca Gold ;
Bitter Gold;bittering;USA;Galena,Nugget;Floral,Grapefruit,Grassy,Pear,Stonefruit,Tropical Fruits,Watermelon;;
Blato;aroma;CZH;Saaz;Earthy,Floral,Herbal,Mild,Noble;;saaz (cz)
Blisk;aroma;SLO;;;;
Blue Northern Brewer;dual-purpose;BEL;Chinook;;;
Boadicea;aroma;GBR;Cascade,Chinook,Green Bullet;Floral,Fruity;;boudica
Bobek;dual-purpose;SLO;Fuggle,Northern Brewer,Styrian Golding,Willamette;Floral,Pine;;
BOR;aroma;CZH;;Pine,Spicy;;
Bouclier;dual-purpose;FRA;;Grassy,Herbal,Spicy;;
Bramling;aroma;GBR;East Kent Golding,Progress,Whitbread Golding;;;
Bramling Cross;dual-purpose;GBR;Bullion,East Kent Golding,Galena,Northern Brewer,Progress,Whitbread Golding;Currant,Lemon,Loganberry,Spicy,Vanilla;;Bambling Cross,bramling cross (uk),brambling cross
Bravo;bittering;USA;Centennial,Chinook,Columbus,Nugget;Candy,Floral,Fruity,Lime,Orange,Vanilla;;bravo (us)
Brewer's Gold;bittering;GER,USA;Brewer's Gold,Bullion,Chinook,Eroica,Galena,Northdown,Northern Brewer,Nugget;Currant,Spicy;;brewer's gold (us),brewers gold (us),brewer's gold (de),brewers gold (de),us brewer gold,brewers gold,gold
BRU-1;bittering;USA;;Fruity,Pineapple;;
Buket;dual-purpose;;;;;
Bullion;bittering;USA;Bramling Cross,Brewer's Gold,Galena,Mount Rainier;Currant,Spicy;;Bullion (us)
Bullion 10A;bittering;;;;;
Buzz Bullets;dual-purpose;USA;;Citrus,Floral;;
Calicross;dual-purpose;;;;;
Caliente;dual-purpose;USA;;Citrus,Lemon,Mandarin,Peach,Pine,Stonefruit;;Caliente (us)
California Cluster;bittering;;;;;
Callista;aroma;GER;Hallertauer Tradition;Apricot,Blackberry,Caramel,Orange,Passionfruit,Peach,Pear,Pine,Strawberry;;Calista,callista (de)
Calypso;dual-purpose;USA;Belma,Cascade,Galena,Hüll Melon;Apple,Citrus,Fruity,Lime,Peach,Pear,Stonefruit;;calypso (us)
Canadian Redvine;aroma;;;;;
Canterbury Whitebine;aroma;;;;;
Cascade;aroma;USA,NZL;Ahtanum,Amarillo,Centennial,Summit;Citrus,Floral,Grapefruit,Pine,Spicy;;Casade,Cascada,Casacade,Cacade,cascade (us),cascade (nz),new zealand cascade,heirloom/homegrown,hopshot,hop shot
Cashmere;dual-purpose;USA;Cascade;Candy,Coconut,Fruity,Herbal,Lemon,Lemongrass,Lime,Melon,Peach;;Cashmire,Casshmere,Cashmerre,Cashemere,cashmere (us)
Cekin;aroma;;;;;
Centennial;dual-purpose;USA;Amarillo,Bullion,Cascade,Chinook,Columbus,Eroica,Galena,Nugget;Citrus,Floral,Grapefruit,Pine,Tangerine;;Centenial,Centennials,Centenniel,centennial (us)
Cerera;dual-purpose;;;;;
Challenger;dual-purpose;GBR;Northdown,Northern Brewer,Perle,Target;Cedar,Fruity,Green Tea;;Wye Challenger,challenger (uk)
Chelan;bittering;USA;Galena,Nugget;Citrus,Floral,Fruity,Mild;;
Chinook;dual-purpose;USA;Columbus,Eroica,Galena,Northern Brewer,Nugget;Grapefruit,Pine,Resin,Spicy;;Kanook,chinook (us),Chinnok
Cicero;dual-purpose;;;;;
Citra;dual-purpose;USA;Cascade,Centennial,Mosaic,Simcoe;Citrus,Floral,Gooseberry,Grapefruit,Lime,Lychee,Melon,Passionfruit,Peach;HBC 394;citra (us)
Cleopatra;dual-purpose;USA;;;;
Cluster;dual-purpose;USA;Chinook,Eroica,Galena,Nugget;Earthy,Floral,Fruity,Sweet;;cluster (us)
Cluster Fugget;aroma;USA;;Floral,Pepper,Spicy,Woody;;Fugget
Cobb;aroma;;;;;
Coigneau;dual-purpose;;;;;
Columbia;aroma;USA;Centennial,Chinook;Citrus,Lemon,Noble,Pineapple;;
Columbus;dual-purpose;USA;Centennial,Chinook,Columbus,Galena,Millennium,Northern Brewer,Nugget,Target;Citrus,Curry,Earthy,Floral,Licorice,Pepper,Spicy;Tomahawk,Zeus,CTZ;Colombus,columbus (us),super alpha,zeus (us),columbus (tomahawk),tomahawk (us),worrior
Comet;bittering;USA;Galena;Grapefruit,Grassy;;
Crystal;aroma;USA;Hallertauer Mittelfrüh,Hersbrucker,Liberty,Mount Hood,Strisselspalt,Ultra;Cinnamon,Floral,Fruity,Nutmeg,Pepper,Spicy,Woody;;Crysta,crystal (us)
Dana;aroma;SLO;;;;Styrian Dana,Ekstra Styrian Dana,Extra Styrian Dana
Defender;aroma;;;;;
Delta;dual-purpose;USA;;;;
Density;aroma;;;;;
Dr. Rudi;dual-purpose;NZL;Green Bullet;Lemongrass,Pine,Resin;;dr rudy,dr rudi
Dunav;aroma;;;;;
Early Bird;aroma;;;;;
Early Green;aroma;;;;;
Early Prolific;aroma;;;;;
Early Promise;aroma;;;;;
East Kent Golding;aroma;GBR;Fuggle,Golding,Progress,Target,Whitbread Golding,Willamette;Floral,Grapefruit,Honey,Lavender,Lemon,Orange,Thyme;;Goldings East Kent,Golding East Kent,East Ken Golding,East Kent Godings,East Kent Golding,Est Kent Goldings, Kent East Golding,Kent East Goldings,Kent Golding,Kent Goldings,East Kent,kent golding (uk),ekg (uk),east kent golding (uk),golding (uk),east kent goldings,ekg
Eastern Gold;bittering;;;;;
Eastern Green;aroma;;;;;
Eastwell Golding;aroma;;;;;
Ekuanot;dual-purpose;USA;Chinook,Cluster,Galena,Summit;Apple,Berry,Citrus,Eucalyptus,Guava,Herbal,Lemon,Lime,Melon,Orange,Papaya,Pepper,Sage,Tropical Fruits;Equinox,HBC 366;Ekvanot,Equanot,Eukanot,Ekua,Experimental 366,Equinot
El Dorado;aroma;USA;Citra,Nelson Sauvin,Rakau;Candy,Fruity,Pear,Stonefruit,Tropical Fruits,Watermelon;;Eldorado
Elixir;aroma;FRA;;Citrus,Cognac,Floral,Leather,Orange,Tangerine,Tobacco,Tropical Fruits,Woody;;Elexir
Ella;aroma;AUS;Galaxy,Palisade,Perle;Anise,Floral,Grapefruit,Noble,Spicy,Tropical Fruits;Stella;ella (stella) (au),ella (au),stella (au)
Elsaesser;aroma;;;;;
Empire;dual-purose;;;;;
Endeavor;dual-purpose;GBR;;Citrus,Currant,Spicy;;Endeavour,Endevour,Endeavor (uk)
Enigma;bittering;AUS;Hallertauer Blanc,Nelson Sauvin;Berry,Currant,Raspberry,Stonefruit,Tropical Fruits,Whitewine;;
Epic;aroma;;;Berry,Fruity,Herbal;;
Eroica;bittering;USA;Brewer's Gold,Chinook,Cluster,Galena,Nugget;;;eroica (us)
Eureka;dual-purpose;USA;Apollo,Columbus,Merkur,Simcoe,Summit;Citrus,Currant,Herbal,Mandarin,Mint,Peach,Pine,Stonefruit;;
Experimental 06300;dual-purpose;USA;;Cocoa,tropical,stone fruit, passionfruit,caramel,anise,Jolly Rancher;;exp 6300 (us)
Experimental 7270;;;;;;7270,Experimental #7270,EXPERIMENTAL 07270
Falconer's Flight 7 C's;dual-purpose;USA;Cascade,Centennial,Chinook,Citra,Cluster,Columbus,Crystal;Citrus,Earthy,Fruity,Spicy;;Seven C's,7 C's,7C's,falconer's seven seas
Falconer's Flight;dual-purpose;USA;;;;falconers flight,Falconer Flight,Falcon Flight,Falcones Flight,falconer's flight (us),falconers flight (us),Falconner's Flight
Fantasia;dual-purpose;GER;;Caramel,Cream,Fruity,Noble;;
Feux-Coeur;bittering;;;;;
First Choice;aroma;;;;;1st Choice
First Gold;dual-purpose;GBR;Crystal,East Kent Golding,Golding;Apricot,Berry,Herbal,Magnolia,Orange,Tangerine;;1st Gold,first gold (uk)
Flyer;dual-purpose;GBR;;Citrus,Licorice,Resin,Spicy;;flyer (uk)
Fortnight;dual-purpose;USA;;;;
Fuggle;aroma;GBR,GER,USA;East Kent Golding,Styrian Golding,Tettnanger,Willamette;Grassy,Mild,Mint,Woody;;Fuggles,Fuggels,Fugle,fuggle (uk),fuggle (de),fruggle,fuggle (us)
Fuggle Tetraploid;dual-purpose;;;;;
Furano Ace;aroma;;;;;
Fusion;aroma;GBR;;Spicy,Tropical Fruits;;Fuison
Galaxy;dual-purpose;AUS;Amarillo,Citra,Simcoe;Citrus,Passionfruit,Peach,Pineapple,Tropical Fruits;;galaxy (au),australian galaxy
Galena;bittering;USA;Brewer's Gold,Chinook,Cluster,Columbus,Eroica,Northern Brewer,Nugget;Currant,Fruity,Gooseberry,Grapefruit,Lime,Pear,Pineapple,Spicy,Woody;;galena (us)
Gargoyle;aroma;;;;;
Glacier;dual-purpose;USA;Fuggle,Styrian Golding,Willamette;Blackberry,Cedar,Plum,Woody;;Galcier,glacier (us)
Godiva;aroma;GBR;Hallertauer Blanc,Wai-iti;Gooseberry,Spicy,Tangerine,Whitegrape;;
Golden Star;aroma;;;;;
Golding;aroma;USA;East Kent Golding,Fuggle,Styrian Golding,Willamette;;;Goldings,Golding,Goldins,golding (us)
GP75;;GBR;;;;
Green Bullet;dual-purpose;NZL;Crystal,Hallertauer Mittelfrüh,Liberty,Mount Hood,Styrian Golding,Ultra;Floral,Fruity,Pepper,Pine,Plum,Resin;;green bullet (nz)
Greensburg;dual-purpose;;;;;
Groene Bel;aroma;;;;;
Grüngeist;aroma;GER;Armarillo,Aramis,Azacca;Tropical, Passion Fruit, Peach, Lemon Zest;;Grungeist
Hallertauer;dual-purpose;NZL;;;;new zealand hallertau,hallertauer aroma,hallertauer aroma (nz)
Hallertauer Bitter;bittering;GER;Merkur;Spicy,Sweet;;Hallertau Bitter,H Bitter
Hallertauer Blanc;aroma;GER;Enigma,Nelson Sauvin;Clean,Gooseberry,Grape,Lemongrass,Passionfruit,Pineapple,Whitewine;;Hallertau Blanc,H Blanc,halletau blanc
Hallertauer Diamant;dual-purpose;;;;;Hallertau Diamant,H Diamant
Hallertauer Gold;aroma;USA,GER;;;;Hallertau Gold,H Gold,hallertau (us),hallertau gold (de)
Hallertauer Mittelfrüh;aroma;GER;Crystal,Hallertauer Mittelfrüh,Hallertauer Tradition,Hersbrucker,Liberty,Ultra,Vanguard;Citrus,Floral,Grassy,Spicy,Tea;;Hallertau Mittelfrüh,Hallertau Mittlefrüh,Mittelfrüh,Mittelfrüher,H Mittelfrüh,Hallertauer MF,German Hallertau,Domestic Hallertau,Hallertauer Hallertauer,Hallertau Hallertauer,Mttelfrueh,Mittlefrüh,hallertauer mittlefrüh (de),hallertauer mittelfrüh (de),hallertau
Hallertauer Rotrebiger;aroma;;;;;Hallertau Rotrebiger,H Rotrebiger
Hallertauer Taurus;dual-purpose;GER;;Banana,Chocolate,Curry,Pepper,Spicy;;Hallertau Taurus,H Taurus,Taurus,Taurus (de)
Hallertauer Tradition;aroma;GER;Crystal,East Kent Golding,Hallertauer Mittelfrüh,Mount Hood,Tettnanger;Earthy,Fruity,Grassy,Nectar,Noble;;Hallertau Tradition,H Tradition,Tratition,Tradi,Tradion,Tradition,Traditional,Tradtional,hallertau (de),hallertauer tradition (de),tradition (de),hallertauer traditional,german tradition,hallotau,hellertauer,traddition
Harlequin;;GBR;;;;
Harmonie;aroma;;;Apricot,Banana,Caramel,Green Tea;;
Hartwick;aroma;;;;;Harwick
HBC 342;bittering;USA;;Citrus,Mild,Tropical Fruits;;hbc342,hbc-342
HBC 431;bittering;;;;;hbc431,hbc-431,Experimental 431
HBC 438;dual-purpose;USA;;Tropical,stone fruit,grapefruit,mango,pineapple,coconut,lime,cedar;;hbc438,Experimental 438,HBC-438,
HBC 472;dual-purpose;USA;;Citrus,Coconut,Earthy,Floral,Fruity,Grapefruit,Whisky,Woody;;hbc472,hbc-472,Experimental 472
HBC 586;bittering;USA;;Citrus,Fruity,Guava,Herbal,Lychee,Mango,Sulfur,Tropical Fruits;;hbc586,hbc-586,Experimental 586
Helga;aroma;AUS;Hallertauer Mittelfrüh;Noble;;helga (au),haga
Herald;dual-purpose;GBR;;;;
Herkules;dual-purpose;GER;Hallertauer Taurus,Warrior;Citrus,Melon;;Hercules,Herkels,Herkules (de)
Hersbrucker;aroma;GER;Hallertauer Mittelfrüh,Liberty,Mount Hood,Spalter,Strisselspalt;Hay,Noble,Orange,Tobacco;Hallertauer Hersbrucker;hallertau hersbrucker,hersbrucker (de),german hersbrucker
Hersbrucker E;aroma;;;;;
Hersbrucker Pure;aroma;GER;Hallertauer Mittelfrüh,Hersbrucker;Noble;;
Hersbrucker Red-Stem;aroma;;;;;
Hersbrucker Spät;aroma;GER;Hallertauer Mittelfrüh,Strisselspalt;Noble,Vanilla;;
Hokitika;aroma;;;;;
Hop Hash;bittering;;;;;hash
Hop Extract;bittering;;;;;extract
Horizon;dual-purpose;USA;Magnum,Nugget;Citrus,Floral,Spicy;;horizon (us)
Hort 4337;dual-purpose;NZL;;Citrus,Grapefruit,Passionfruit,Peach,Pineapple,Tropical Fruits;;
HORT9909;dual-purpose;;;Citrus,Crisp,Hay,Lemon,Lime,Noble,Spicy,Sweet;;Trial Hop 9909
HPA-016;aroma;;;Citrus,Fruity,Mandarin,Pine;;HPA016
Hüll Melon;aroma;GER;;;;Hüll Mellon,Melon Hüll,Hüllmelon,melon
Hüller Bitter;dual-purpose;GER;;Fruity,Mild,Resin,Spicy;;Hüll Bitter,Hüller Bitterer
Hybrid-2;aroma;;;;;
Idaho 7;dual-purpose;USA;Amarillo,Azacca,Cashmere,Chinook,Citra,Columbus,El Dorado,Idaho Gem;Apricot,Black Tea,Citrus,Currant,Earthy,Floral,Grapefruit,Orange,Papaya,Pine,Resin,Tropical Fruits;;Idaho hop 7,007
Idaho Gem;aroma;USA;;;;Idaho Gme
Independence;aroma;USA;;Citrus,Earthy,Floral,Herbal,Pine,Stonefruit,Tobacco;;independece
Iunga;dual-purpose;POL;Galena,Nugget,Target;Currant,Earthy,Fruity,Peach,Pineapple,Grapefruit,Spicy;;Junga
Ivanhoe;aroma;;;;;
Janus;aroma;;;;;
Jarrylo;dual-purpose;USA;;;;Jarryllo,jaryllo,jarylo
Jester;aroma;GBR;;Banana,Pear,Spice;;
Julius;aroma;USA;;Orange,Peach,Sweet;Mighty Axe Julius;Julious,Mighty Axe Julious
Junga;dual-purpose;PL;;;;junga (pl)
Kazbek;aroma;CZH;;;;
Keyworth's Early;aroma;;;;;
Keyworth's Midseason;aroma;;;;;
Kirin II;dual-purpose;;;;;Kirin,Kirin 2
Kitamidori;bittering;;;;;
Kohatu;aroma;NZL;Motueka,Wai-iti;Tropical Fruits;;Kuhatu
Korsta;dual-purpose;;;;;
Landhopfen;aroma;;;;;
Legacy;dual-purpose;USA;Cluster,Galena,Northern Brewer;Blackberry,Currant,Floral,Grapefruit,Grassy,Orange,Spicy;;
Lemondrop;aroma;USA;Cascade,Centennial,Liberty,Mandarina Bavaria,Motueka;Citrus,Floral,Green Tea,Lemon,Melon,Mint;;Lemon Drop
Liberty;aroma;USA;Crystal,Hallertauer Mittelfrüh,Mount Hood;Citrus,Floral,Herbal,Lemon,Noble,Spicy;;liberty (us)
Loral;dual-purpose;USA;Glacier,Nugget,Strisselspalt,Tardif de Bourgogne;Citrus,Floral,Fruity,Pepper;HBC 291;Loral Nobel,Loral Noble
Lotus;aroma;USA;;Berry,Cream,Orange,Tropical Fruits,Vanilla;;
Lubelska;aroma;POL;Saaz,Sterling,Tettnanger;Floral,Lavender,Magnolia,Spicy;Lublin;Lubelski,Luboloski,Lubliner
Lubelska-Pulawy;aroma;;;;;
Lucan;aroma;;;;;
Lumberjack;;CAN;;;;
Lunga;dual-purpose;;;;;
Mackinac;aroma;USA;;Citrus,Floral,Melon,Papaya,Pepper,Spicy,Tropical Fruits;;Mackinaw
McKenzie;dual-purpose;USA;;;;mackenzie
Magnat;dual-purpose;;Lubelska,Magnum;Chamomile,Citrus,Floral,Lemon,Lilac,Woody;;
Magnum;bittering;USA,GER;Columbus,Galena,Hallertauer Taurus,Horizon,Northdown,Northern Brewer,Nugget;;;Magnun,Magnung,Magnu,Magnum (us),magnum (de),german magnum,bittering,keserű
Mandarina Bavaria;aroma;GER;Cascade,Hüll Melon;Citrus,Herbal,Lemon,Resin,Tangerine,Tropical Fruits;;Bavarian Mandarina,Bavaria Mandarina,Mandarin Bavaria,Mandrina Bavaria,Mandarina Barvaria,Mandarina,madaria bavaria,manderina bavaria,mandaria
Mapuche;dual-purpose;ARG;;;;
Marco Polo;dual-purpose;;Columbus;Elderflower,Gooseberry,Oregano;;
Marynka;dual-purpose;POL;Tettnanger;Anise,Citrus,Earthy,Grapefruit,Hay,Herbal,Lemon,Licorice;;
Mathon;aroma;;;;;
Medusa;aroma;USA;Zappa;Alfalfa,Apricot,Citrus,Guava,Lemon,Lime,Melon,Peach;;
Melba;dual-purpose;AUS;;;;
Meridian;aroma;USA;;;;meridian (us)
Merkur;dual-purpose;GER;;;;merkur (de)
Michigan Copper;aroma;USA;;;;MI Copper
Millennium;bittering;USA;Nugget;;;Millenium,millennium (us),millenium (us)
Mimosa;aroma;;;;;
Minstrel;aroma;GBR;;;;
Mistral;dual-purpose;FRA;;;;mistral (fr)
Monroe;aroma;GER;;Cherry,Mild,Orange,Passionfruit,Plum,Raspberry,Smooth,Strawberry;;
Mosaic;dual-purpose;USA;Citra,Simcoe;Blueberry,Bubblegum,Citrus,Earthy,Floral,Grapefruit,Grassy,Papaya,Pine,Rose,Spicy,Tangerine,Tropical Fruits;HBC 369;Moesaic,Mosacic,Mosai,Mossic,Mozaic,Mscc,Mosiac,Mosiac,mosaic (us)
Motueka;aroma;NZL;Saaz,Sterling;Citrus,Floral,Lemon,Lime,Mojito,Tropical Fruits;;Mouteka,motueka (nz),toueka
Mount Hood;aroma;USA;Crystal,Hallertauer Mittelfrüh,Hersbrucker,Liberty;Herbal,Noble,Spicy;;MT Hood,mount hood (us),mt. hood
Mount Rainier;aroma;USA;Fuggle,Hallertauer Mittelfrüh;Citrus,Floral,Licorice,Noble,Spicy;;MT Rainier,Mount Ranier,mount rainier (us)
Moutere;dual-purpose;NZL;;Earthy,Grapefruit,Hay,Passionfruit,Pine,Tropical Fruits;Brooklyn;Mortere
MultiHead;dual-purpose;;;;;
Mystic;aroma;;;;;Mystique
Nadwislanska;aroma;;;;;
Nectaron;dual-purpose;NZL;Citra,Mosaic,Waimea;Citrus,Grapefruit,Passionfruit,Peach,Pineapple,Tropical Fruits;;Nectron
Nelson Sauvin;dual-purpose;NZL;Enigma,Hallertauer Blanc,Motueka,Riwaka;Fruity,Gooseberry,Grape,Whitewine;;Nelson,Nels,Nel,Neslson Sauvin,Nelson Sauvin (nz)
Neo1;dual-purpose;;;;;Neo 1
Neoplanta;dual-purpose;;;;;
Newport;bittering;USA;Brewer's Gold,Fuggle,Galena,Magnum,Nugget;Balsamic,Citrus,Earthy,Whitewine;;newport (us)
Nordgaard;aroma;;;;;
Northdown;dual-purpose;USA,GBR;Northern Brewer;;;northdown (us),northdown (uk)
Northern Brewer;dual-purpose;GER,USA;Brewer's Gold,Chinook,Galena,Magnum,Northern Brewer,Perle;;;Norther,Norther Brewer,Norther Browser,Northerm Brewer,Northern,Nother Brewer,northern brewer (de),northern brewer (us),german n brewer,nb,nothern brewer
Nugget;dual-purpose;USA;Chinook,Columbus,Galena,Magnum;Citrus,Earthy,Geranium,Ginger,Herbal,Lychee,Pineapple;;Nugeet,nuggets,nugget (us)
Oktawia;bittering;;;;;
Olicana;dual-purpose;GBR;;Floral,Grapefruit,Mango,Passionfruit;;
Olympic;aroma;USA;Brewer's Gold,Chinook,Galena;Citrus,Spicy;;olympic (us)
Omega;aroma;GBR;;;;
Opal;dual-purpose;GER;;;;opal (de)
Opus;aroma;;;;;
Orbit;dual-purpose;NZL;;Sweet,Tropical Fruits;;orbit (nz)
Orion;dual-purpose;GER;;;;orion (de)
Outeniqua;bittering;;;;;
Pacific Crest;aroma;USA;;;;pacific crest (us)
Pacific Gem;bittering;NZL;Belma,Bullion,Cluster,Galena,Magnum;Berry,Blackberry,Floral,Oak,Pepper,Pine;;pacific gem (nz)
Pacific Jade;aroma;NZL;Cluster,Hallertauer Mittelfrüh,Saaz;Citrus,Herbal,Pepper,Spicy;;Jade,pacific jade (nz)
Pacific Sunrise;bittering;NZL;;;;pacific sunrise (nz)
Pacifica;aroma;NZL;Chinook,Hallertauer Mittelfrüh;Citrus,Floral,Hay,Honey,Marmalade,Orange;Pacific Hallertau;pacifica (nz),hallertau pacifica (nz),pacifica hallertau (nz)
Pahto;bittering;USA;;;HBC 682;pahto (us)
Palisade;aroma;USA;Glacier,Willamette;Apricot,Clean,Floral,Honey,Orange,Passionfruit,Yogurt;;Palisades,Pallisade,palisade (us)
Paradigm;aroma;USA;;;;
Pekko;bittering;USA;;;;pekko (us)
Perle;dual-purpose;GER,USA;Cluster,Galena,Hallertauer Aroma,Hallertauer Mittelfrüh,Northern Brewer;Earthy,Floral,Fruity,Herbal,Mint,Spicy,Stonefruit;;Pearl,Pearle,perle (us),german perle,perle (de),hallertau perle,perla
Petham Golding;aroma;;;;;
Petoskey;aroma;;;;;Petosky
Phoenix;dual-purpose;GBR;Challenger,East Kent Golding,Northdown;Chocolate,Floral,Molasses,Pine,Spicy;;Phoenix (uk)
Pilgrim;dual-purpose;GBR;Challenger,Pioneer;Berry,Citrus,Fruity,Grapefruit,Lemon,Pear,Spicy;;Pilgrin,Pilgrim (uk),pligrim,pilgram,pil
Pilot;bittering;GBR;;;;pilot (uk)
Pink Boots;dual-purpose;USA;;Citrus,Floral,Grassy,Tropical Fruits,Woody;;
Pioneer;dual-purpose;GBR;;;;
Pocket Talisman;aroma;;;;;
Polaris;dual-purpose;GER;Herkules;Menthol,Mint,Pineapple;;polaris (de),polars
Precoce de Bourgogne;aroma;;;;;
Premiant;aroma;CZH;Saaz,Styrian Golding;;;
Pride of Kent;dual-purpose;;;;;
Pride of Ringwood;bittering;AUS;Centennial,Cluster,Galena;Cedar,Herbal,Oak;;Pride of Ringwood (au)
Progress;aroma;GBR;Fuggle;;;progress (uk)
ProvOAK;aroma;;;;;
Puławski;dual-purpose;;;;;
Rakau;dual-purpose;NZL;Amarillo,Summit;Apricot,Fig,Fruity,Pine,Resin,Stonefruit;AlphAroma;Raku,Rakua,AlphaAroma,rakau (au),rakau (nz),Rakeu
Record;aroma;;;;;
Red Earth;aroma;;;;;
Relax;aroma;GER;;;;
Revolution;dual-purpose;NZL;;Tropical/Fruit, Citrus, Stone Fruit;;NZ Revolution Blend
Riwaka;aroma;NZL;Calypso,Centennial,Citra,Saaz;Citrus,Grapefruit,Passionfruit,Tropical Fruits;;Rikawa,riwaka (nz)
Rubin;bittering;;;;;
Saaz;aroma;CZH,USA;Lubelska,Sorachi Ace,Sterling,Tettnanger;Earthy,Floral,Herbal,Mild,Noble,Spicy;;Saazer,Saab,Saa,Sazz,Zatec,Zatecky,ŽPČ,saaz (us),czech saaz,american saaz,zpc,sass,plč žatec,Saaz (CZ)
Sabro;aroma;USA;;Cedar,Citrus,Coconut,Cream,Herbal,Mint,Stonefruit,Tangerine,Tropical Fruits;HBC 438;Sabco,Sobro,sabro (us),sab,hop 438,hop #438
Samba;aroma;USA;;;;samba (us)
san juan ruby red;aroma;USA;;;;san juan ruby red (us)
Santiam;aroma;USA;Spalter,Spalter Select,Tettnanger;;;santiam (us),santium,santium (us)
Saphir;aroma;GER;Hallertauer Mittelfrüh,Spalter Select;Floral,Fruity,Spicy,Tangerine;;Safir,Saphier,Saphire,saphir (de),saphir (german)
Sasquatch;dual-purpose;CAN;;Floral,Lemon,Tangerine;;
Satus;bittering;USA;;;;
Saxon;aroma;;;;;
Serebrianka;aroma;;;;;
Shinshuwase;aroma;;;;;
Simcoe;dual-purpose;USA;Amarillo,Cascade,Centennial,Citra,Columbus,Magnum,Mosaic,Summit;Apricot,Berry,Bubblegum,Citrus,Earthy,Fruity,Grapefruit,Passionfruit,Pine;;Semcoe,Simceo,Simco,simcoe (us)
Sládek;aroma;CZH;Northern Brewer,Saaz;Fruity,Grapefruit,Noble,Passionfruit,Peach;;sladek,sladek (cz),Zladek
Smaragd;dual-purpose;GER;;;;Smarged,smaragd (de),german smaragd,Smargd
Smooth Cone;dual-purpose;NZL;;;;smoothcone
Solero;aroma;;;Mango,Passionfruit,Tropical Fruits;;
Sonnet;aroma;USA;;;;sonnet golding
Sorachi Ace;bittering;JPN;Admiral,Cascade,Southern Cross;Citrus,Dill,Herbal,Lemon,Tobacco,Woody;;Sorachie Ace,Soriachi Ace,sorachi ace (jp),sorochi ace
Southern Aroma;aroma;ZAF;;Floral,Fruity,Spicy,Woody;;
Southern Brewer;bittering;ZAF;Fuggle,Southern Promise;Earthy,Woody;;
Southern Cross;dual-purpose;NZL;Sorachi Ace;Citrus,Lemon,Lime,Pine,Spicy,Tropical Fruits;;southern cross (nz)
Southern Dawn;dual-purpose;ZAF;;Chamomile,Citrus,Fruity,Ginger,Herbal,Lemongrass,Quince,Spicy,Strawberry;;
Southern Passion;aroma;ZAF;;Blackberry,Coconut,Floral,Guava,Melon,Passionfruit;;
Southern Promise;dual-purpose;ZAF;Southern Brewer;Berry,Citrus,Floral,Fruity,Herbal,Woody;;
Southern Star;bittering;ZAF;Ekuanot,El Dorado,Mandarina Bavaria,Mosaic,Southern Cross,Warrior;Berry,Cassis,Citrus,Coffee,Floral,Orange,Passionfruit,Pear,Pineapple,Rose,Tangerine,Tropical Fruits;;southernstar
Southern Tropic;dual-purpose;ZAF;;;;U1/108
Sovereign;bittering;GBR;;;;Sovereign (uk),sovreign,Soverign
Spalter;aroma;GER;Crystal,Hallertauer Mittelfrüh,Hersbrucker,Liberty,Mount Hood,Saaz,Santiam,Tettnanger,Ultra;Earthy,Floral,Herbal,Noble;;Spalt,Spal,Spaltz,spalt (de),spalter (de)
Spalter Select;aroma;GER,USA;Saaz,Spalter,Tettnanger;;;Select Spalt,Spalt Select,Select,german spalt select (de),german spalt select,spalt select (de),spalt select (us)
Sterling;dual-purpose;USA;Lubelska,Saaz;;;sterling (us)
Sticklebract;dual-purpose;NZL,AUS;Hallertauer Mittelfrüh,Hersbrucker,Northern Brewer,Simcoe,Sorachi Ace;Citrus,Pine;;Sticklebract (nz),sticklebract (au)
Strata;aroma;USA;Galaxy,Mosaic;Cannabis,Grapefruit,Musty,Passionfruit,Strawberry;;Strada,strata (us)
Strisselspalt;aroma;FRA;;;;Strisselspalter,strisselspalt (fr),streusslberg,Strisslespalt
Styrian Bobek;;SLO;;;;styrian bobek (si)
Styrian Cardinal;dual-purpose;SLO;;Anise,Apple,Citrus,Fruity,Gooseberry,Pineapple,Strawberry,Tropical Fruits;;Cardinal
Styrian Dragon;aroma;SLO;;Citrus,Grapefruit,Lime,Orange;;Dragon
Styrian Fox;dual-purpose;SLO;;Blackberry,Currant,Floral,Fruity,Honey,Lemongrass,Marjoram,Peach,Raspberry,Strawberry;;Fox
Styrian Golding;aroma;SLO;Bobek,Fuggle,Saaz,Styrian Golding,Willamette;Citrus,Earthy,Floral,Noble,Pine,Resin,Spicy,Sweet;Celeja,Celeia;Styrian Golding,Styrian Gold,Styrian Goldings,Celia,styrian golding (si),styrian celeia (si),savinjski,celei,styrian,celleia
Styrian Kolibri;aroma;SLO;;Ananas,Blueberry,Currant,Ginger,Grassy,Lemon,Mandarin,Marjoram,Pepper,Spicy,Tangerine,Tea,Tomato;;Kolibri
Styrian Wolf;dual-purpose;SLO;;Blueberry,Melon,Raspberry,Tropical Fruits;;Wolf
Sultana;dual-purpose;USA;Columbus,Nugget;Citrus,Lemon,Pine,Pineapple,Spicy,Tropical Fruits;Denali,Nuggetzilla,EXP 06277;
Summer;aroma;AUS;Palisade,Saaz;Apricot,Citrus,Grassy,Melon,Passionfruit,Peach,Stonefruit;;
Summit;bittering;USA;Amarillo,Cascade,Columbus,Millennium,Simcoe,Warrior;Anise,Citrus,Earthy,Grapefruit,Incense,Orange,Pepper,Tangerine;;summit (us),sumit
Sun;aroma;USA;Columbus,Galena,Magnum;Herbal;;
Sunbeam;aroma;;;;;
Sunshine;aroma;;;;;
Super Pride;bittering;AUS;;Fruity,Mild,Resin;;
Sussex;aroma;GBR;;;;
Sybilla;dual-purpose;POL;Bobek,Lubelska,Magnum,Northern Brewer,Nugget,Perle;Chocolate,Citrus,Floral,Gingerbread,Lemon,Orange,Pine,Tobacco;;
Sylva;aroma;AUS;Hallertauer Mittelfrüh,Helga,Northern Brewer,Saaz;Floral,Woody;;Sylvia,silva,silva (au)
Symphony;bittering;;;;;
Tahoma;aroma;USA;;;;tahoma (us),tahoe
Taiheke;dual-purpose;NZL;;Citrus,Floral,Grapefruit,Lemon,Lime,Spicy,Tropical Fruits;;
Talisman;dual-purpose;USA;;;;
Talus;dual-purpose;USA;;Cream,Floral,Grapefruit,Pine,Stonefruit,Woody;;HBC 692,HBC692,HBC-692,Experimental 692
Tangerine;aroma;USA;;Berry,Grapefruit,Herbal,Tropical Fruits;Experimental #09326;
Tardif de Bourgogne;aroma;FRA;;;;
Target;dual-purpose;GBR;East Kent Golding,Fuggle,Willamette;Citrus,Marmalade,Pepper,Sage,Spicy;;target (uk)
Teamaker;aroma;;;;;
Tettnanger;aroma;GER,USA;Hallertauer Mittelfrüh,Lubelska,Saaz,Spalter,Spalter Select,Tettnanger;Black Tea,Floral,Pepper,Spicy;;Tennang,Tetnang,tettnang,Tettanger,Tettnager,Tettnanger,Tettnanger Aroma,tettnanger (us),tettnanger (de),german tettang,tettang
Tettnanger A;aroma;;;;;
Tettnanger B;aroma;;;;;
The Bruce;dual-purpose;;;;;Bruce
Tillicum;bittering;;;;;
TNT;aroma;USA;;;;TNT Blend,T'N'T,T 'N' T
Tolhurst;aroma;;;;;
Topaz;aroma;AUS;Amarillo,Cascade,Citra,Galaxy,Rakau,Riwaka;Clove,Grassy,Lychee,Resin,Tropical Fruits;;topaz (au)
Toyomidori;bittering;;;;;
Trident;dual-purpose;USA;;;;trident (us)
Triple Pearl;dual-purpose;USA;Perle;Allspice,Anise,Citrus,Clove,Fruity,Melon,Pepper,Resin,Spicy;;triple pearl (us)
Triskel;aroma;FRA;;;;triskel (fr)
Triumph;aroma;USA;Hallertauer Mittelfrüh,Nugget;Citrus,Fruity,Lime,Orange,Peach,Pine,Spicy;;triumph (us)
Tropica;aroma;USA;;Mandarin,Orange,Pineapple,Tropical Fruits;Mighty Axe Tropica;tropica (us)
Ultra;aroma;USA;;;;ultra (us)
Universal;dual-purpose;;;;;
Vanguard;aroma;USA;Hallertauer Mittelfrüh;;;Vanguard (us)
Vic Secret;dual-purpose;AUS;Galaxy;Earthy,Herbal,Passionfruit,Pine,Pineapple,Tropical Fruits;Victoria,Victoria’s Secret;Vic Secrel,Victoria Secret,vic secret (au),Vic’s Secret
Viking;aroma;;;;;
Vital;dual-purpose;CZH;;;;
Vojvodina;aroma;;;;;vojvodia
Wai-iti;aroma;NZL;Riwaka;Apricot,Citrus,Lime,Mandarin,Peach,Spicy,Stonefruit;;Wai-ti,wai-iti (nz),waiiti (nz),waiti (nz),Wai iti,Wai-Hiti,Waiti
Waimea;dual-purpose;NZL;Pacific Jade;Citrus,Grapefruit,Herbal,Mandarin,Pine;;waimea (nz)
Wakatu;dual-purpose;NZL;Hallertauer Mittelfrüh,Liberty,Nelson Sauvin;Floral,Lime,Tropical Fruits;;Whakatu,wacatu,Wakatu (nz)
Warrior;bittering;USA;Columbus,Magnum,Nugget,Summit;Mild,Pine,Resin;;Warior,Warr,Warroir,warrior (us)
Whitbread Golding;aroma;GBR;;;Whitbread Golding Variety,WGV;Whitbread
Willamette;aroma;USA;East Kent Golding,Fuggle,Glacier,Styrian Golding;Caramel,Citrus,Curry,Elderberry,Floral,Incense;;Willamett,Willamatte,Williamette,willamette (us),williamette (us),wilamette,will
Willow Creek;dual-purpose;;;;;
Wuerttemberger;aroma;;;;;
XJA2/436;bittering;SA;;;;xja,436
Yakima Cluster;bittering;USA;;;;
Yakima Gold;dual-purpose;USA;Cluster;Grapefruit,Lemon;;
Yellow Sub;dual-purpose;GER;Amarillo;Apricot,Blackberry,Fruity,Orange,Sweet;Yellow Submarine;
Yeoman;dual-purpose;GBR;Target;;;
Zappa;aroma;USA;;Citrus,Fruity,Mango,Mint,Passionfruit,Pine,Spicy,Tropical Fruits;;
Zenia;dual-purpose;USA;;;;
Zenith;bittering;USA;Northern Brewer,Yeoman;Citrus,Floral;;
Zlatan;aroma;;;;;
Zula;dual-purpose;POL;;Citrus,Clean,Fruity,Tropical Fruits;;
Zagrava;dual-purpose;UA;Tradition, Spalter Select;spicy-floral,herbal,fruit;;
Zythos;aroma;USA;Amarillo,Cascade,Simcoe;Citrus,Floral,Grapefruit,Pine,Tangerine,Tropical Fruits;;zythos (us),blend
